0009	y
0010	y
0011	y
0012	y
0013	y
0014	y
0015	y
0016	y
0017	y
0018	y
0019	y
0020	y
0021	y
0022	y
0023	y
0027	y
0028	y
0029	y
0030	y
0031	y
0037	n
0039	n
0041	n
0043	n
0045	m
0047	n
0051	n
0056	n
0058	n
0069	n
0070	n
0071	n
0075	n
0077	n
0078	n
0081	n
0083	n
0084	n
0091	n
0099	n
0101	n
0102	n
0103	n
0107	n
0111	n
0117	y
0121	y
0123	n
0128	y
0132	n
0137	n
0138	y
0139	y
0142	n
0146	n
0151	n
0159	y
0165	y
0166	n
0169	n
0172	y
0176	y
0180	y
0181	n
0183	y
0188	n
0190	n
0193	y
0196	y
0202	y
0208	y
0212	n
0214	n
0215	n
0217	n
0218	m
0219	n
0220	y
0221	n
0222	y
0225	n
0227	y
0230	y
0239	n
0248	y
0249	y
0250	y
0252	n
0254	y
0258	n
0260	m
0263	n
0267	y
0272	n
0275	n
0280	n
0282	n
0297	n
0299	n
0300	n
0305	n
0316	n
0321	n
0324	y
0325	n
0328	n
0329	n
0334	n
0340	n
0345	n
0348	n
0349	n
0351	n
0354	n
0360	n
0368	n
0369	n
0370	n
0371	n
0373	n
0375	n
0389	m
0394	y
0404	m
0407	y
0414	n
0416	n
0425	n
0426	n
0430	n
0432	n
0436	n
0437	n
0443	n
0446	n
0451	n
0452	n
0454	n
0457	n
0465	y
0467	n
0472	n
0490	n
0495	y
0500	n
0512	m
0516	n
0517	m
0539	n
0541	n
0542	n
0544	y
0546	n
0548	n
0556	n
0568	m
0569	n
0575	n
0582	n
0586	y
0592	n
0596	n
0605	y
0608	y
0611	n
0615	n
0617	n
0625	n
0626	n
0627	n
0628	y
0629	n
0651	n
0654	n
0661	y
0664	n
0665	n
0666	n
0671	n
0672	n
0678	n
0681	n
0683	n
0688	n
0695	n
0696	n
0704	n
0711	n
0712	n
0717	y
0721	n
0722	n
0724	n
0726	y
0727	n
0729	n
0731	n
0747	y
0749	m
0750	m
0754	y
0755	y
0759	y
0765	n
0767	m
0768	y
0772	y
0775	m
0777	n
0778	n
0780	n
0781	n
0782	n
0785	n
0787	n
0788	n
0792	n
0795	n
0796	n
0797	n
0798	n
0802	n
0830	n
0831	n
0836	n
0841	n
0848	y
0849	m
0851	n
0854	y
0858	m
0861	n
0874	n
0875	y
0892	n
0905	y
0907	m
0908	y
0915	n
0927	n
0929	n
0930	n
0932	y
0933	n
0934	n
0937	m
0939	n
0940	y
0941	n
0942	y
0943	y
0944	y
0945	y
0946	y
0947	y
0948	y
0950	n
0955	y
0957	y
0958	y
0959	y
0960	y
0961	y
0962	n
0965	m
0966	m
0970	n
0973	y
0974	m
0975	n
0978	n
0986	n
0989	m
0995	n
1000	n
1002	n
1004	n
1005	y
1016	n
1020	n
1024	n
1030	n
1037	n
1042	y
1044	n
1045	y
1047	n
1048	y
1056	y
1063	n
1064	n
1066	n
1068	n
1070	n
1071	n
1074	y
1075	y
1076	y
1080	n
1087	y
1090	y
1095	n
1097	n
1103	n
1107	n
1110	n
1116	n
1122	m
1128	n
1135	n
1136	n
1142	n
1148	n
1152	y
1153	y
1155	n
1158	n
1159	n
1161	y
1169	n
1170	n
1173	n
1177	n
1178	n
1180	y
1186	n
1193	y
1194	y
1195	y
1196	y
1197	y
1198	y
1201	n
1211	n
1214	n
1217	y
1219	n
1225	y
1226	n
1228	y
1236	n
1237	n
1241	n
1246	n
1248	y
1254	n
1256	n
1260	n
1262	n
1263	n
1269	y
1282	y
1283	m
1284	n
1287	n
1291	y
1294	y
1298	y
1301	y
1302	y
1307	n
1312	m
1314	y
1315	y
1329	n
1335	n
1336	n
1338	n
1339	n
1345	n
1346	n
1347	n
1351	y
1353	m
1354	y
1358	y
1361	y
1365	y
1370	m
1371	m
1384	n
1387	y
1391	n
1402	m
1404	n
1406	n
1408	n
1415	y
1424	n
1425	m
1428	n
1430	n
1431	y
1448	n
1451	n
1468	n
1475	n
1479	n
1483	n
1489	n
1492	y
1499	n
1501	y
1502	y
1503	y
1504	y
1505	y
1506	y
1507	y
1508	y
1509	y
1510	y
1511	y
1512	y
1513	y
1514	y
1515	m
1516	m
1517	y
1518	m
1519	y
1520	y
1521	y
1522	y
1523	y
1524	y
1525	y
1526	y
1527	y
1528	y
1529	m
1530	m
1531	y
1532	y
1533	y
1534	y
1535	y
1536	y
1537	y
1538	y
1539	y
1540	y
1541	y
1542	y
1543	y
1544	y
1545	y
1546	y
1547	y
1548	y
1549	y
1550	y
1551	y
1552	y
1561	n
1563	n
1566	y
1567	y
1568	n
1569	m
1572	n
1577	n
1580	n
1582	n
1584	n
1586	n
1587	n
1588	y
1591	m
1593	y
1594	n
1595	y
1596	y
1597	y
1598	y
1599	y
1600	y
1601	y
1605	n
1608	n
1617	n
1627	n
1629	n
1631	n
1635	n
1637	n
1640	n
1641	m
1643	n
1644	n
1647	n
1651	n
1653	n
1654	m
1665	m
1668	n
1676	y
1678	y
1679	y
1682	y
1685	n
1687	y
1690	y
1694	y
1699	m
1702	y
1713	n
1718	n
1720	n
1723	n
1725	n
1726	n
1728	n
1730	n
1731	n
1753	n
1755	n
1760	n
1765	n
1767	n
1768	n
1773	n
1776	n
1779	y
1781	y
1783	y
1784	y
1792	y
1793	y
1798	y
1800	n
1812	n
1816	n
1819	n
1824	n
1826	n
1827	n
1828	n
1831	y
1839	m
1840	n
1842	n
1848	n
1852	n
1856	y
1857	y
1862	n
1865	n
1869	n
1872	n
1873	n
1878	n
1886	n
1888	n
1907	n
1909	n
1910	n
1913	n
1919	y
1920	m
1921	y
1924	n
1927	n
1936	n
1938	n
1944	n
1952	n
1954	y
1960	y
1962	n
1963	n
1970	n
1976	n
1980	n
1981	n
1986	y
1987	y
1988	y
1989	y
1990	y
1991	y
1992	y
1993	y
1994	y
1995	y
2001	n
2002	y
2003	y
2008	n
2014	n
2016	m
2021	n
2023	n
2025	n
2030	n
2037	y
2039	m
2043	n
2045	y
2049	n
2050	n
2053	n
2057	n
2058	n
2060	n
2062	n
2066	n
2069	n
2071	n
2072	y
2074	y
2075	y
2076	y
2078	y
2084	y
2085	y
2087	n
2090	n
2092	n
2098	n
2100	n
2102	n
2106	n
2112	n
2115	n
2119	n
2120	n
2127	n
2128	n
2129	n
2130	n
2136	n
2141	n
2151	n
2157	n
2160	n
2161	n
2166	n
2167	n
2173	n
2187	n
2188	n
2189	n
2192	n
2194	n
2197	n
2198	n
2203	n
2204	n
2206	n
2218	n
2224	n
2225	n
2227	n
2229	n
2230	n
2234	n
2238	n
2244	n
2248	n
2256	n
2258	n
2260	n
2262	n
2263	n
2266	n
2267	n
2268	n
2269	n
2280	n
2282	n
2286	n
2293	n
2295	n
2301	n
2303	n
2308	n
2309	n
2313	n
2314	n
2315	n
2317	n
2320	n
2322	n
2326	n
2329	n
2330	n
2338	n
2342	n
2346	n
2350	n
2351	n
2358	n
2360	n
2362	n
2365	n
2368	y
2384	n
2385	n
2387	n
2389	n
2390	n
2396	n
2398	n
2402	n
2404	n
2411	n
2412	n
2414	n
2429	n
2430	y
2442	n
2443	n
2446	n
2448	n
2452	n
2453	n
2464	n
2465	n
2475	n
2482	n
2484	n
2496	n
2500	n
2501	n
2505	n
2511	n
2513	n
2520	n
2523	n
2528	n
2529	n
2531	n
2533	n
2535	n
2537	n
2546	n
2548	n
2553	n
2558	n
2567	m
2574	n
2577	n
2580	n
2581	n
2584	n
2590	n
2595	n
2598	n
2615	y
2621	n
2623	n
2624	n
2625	n
2627	n
2631	n
2634	n
2638	n
2641	n
2651	n
2652	n
2654	n
2660	n
2662	n
2663	n
2665	n
2669	n
2670	n
2683	n
2685	n
2687	n
2690	n
2692	n
2693	n
2696	n
2698	n
2706	n
2707	n
2709	n
2718	n
2719	n
2722	y
2723	n
2728	n
2729	n
2732	n
2733	n
2739	n
2742	n
2743	n
2750	n
2753	n
2771	y
2773	n
2775	n
2779	n
2785	n
2786	n
2790	n
2794	n
2800	n
2801	n
2804	n
2806	n
2812	n
2815	n
2816	n
2818	n
2826	n
2833	n
2836	n
2839	n
2840	n
2845	n
2850	n
2852	n
2853	n
2854	n
2855	n
2856	m
2859	n
2866	n
2867	n
2872	n
2878	n
2880	n
2883	n
2884	n
2887	n
2888	n
2891	n
2893	n
2895	n
2896	m
2900	n
2919	y
2920	y
2921	n
2923	y
2924	n
2926	y
2927	y
2931	n
2934	y
2939	n
2940	n
2941	y
2944	n
2946	n
2949	n
2951	n
2953	n
2958	n
2961	n
2967	n
2968	n
2983	n
2985	n
2986	n
2990	n
2995	n
2997	n
2998	n
3002	n
3010	y
3011	y
3012	y
3013	y
3014	y
3019	n
3024	n
3027	n
3028	n
3030	n
3035	n
3036	n
3038	n
3041	n
3053	n
3057	n
3060	y
3062	n
3063	m
3068	y
3069	n
3081	n
3084	n
3093	n
3094	n
3098	n
3101	n
3104	n
3107	n
3109	n
3114	n
3118	n
3123	n
3124	n
3126	n
3134	n
3136	n
3138	y
3146	n
3149	n
3151	n
3155	n
3160	n
3165	n
3168	n
3172	n
3177	y
3180	n
3185	y
3187	n
3189	n
3192	n
3193	n
3194	y
3201	y
3202	y
3204	y
3206	n
3208	m
3210	n
3212	n
3213	m
3214	y
3219	y
3220	y
3221	y
3222	y
3223	y
3224	y
3225	y
3226	y
3227	n
3229	n
3232	n
3235	m
3239	m
3240	m
3248	y
3251	n
3252	n
3253	n
3264	n
3266	n
3273	y
3274	y
3275	y
3276	y
3277	y
3279	n
3284	n
3285	y
3286	y
3287	y
3288	y
3289	n
3290	n
3303	n
3313	n
3317	n
3325	n
3331	y
3332	y
3333	y
3334	y
3335	y
3336	y
3337	y
3338	y
3339	y
3340	y
3341	y
3342	y
3343	y
3350	n
3352	n
3356	n
3357	n
3365	n
3383	n
3385	n
3386	n
3388	m
3391	n
3397	n
3404	n
3405	n
3413	y
3419	n
3421	n
3429	n
3431	n
3434	n
3435	m
3437	y
3438	y
3439	y
3441	n
3447	y
3453	n
3455	y
3463	n
3468	n
3469	n
3477	n
3481	y
3482	y
3483	y
3484	y
3485	y
3486	y
3487	y
3488	y
3493	n
3498	y
3499	y
3500	y
3501	y
3502	y
3503	y
3513	n
3517	n
3521	n
3522	y
3523	n
3526	n
3530	y
3534	y
3535	n
3537	n
3540	n
3542	n
3543	n
3544	n
3550	n
3555	n
3558	n
3560	n
3571	n
3572	n
3575	n
3581	n
3585	n
3590	n
3591	n
3594	n
3601	n
3602	n
3609	y
3610	y
3612	m
3613	n
3621	n
3626	n
3631	n
3632	n
3633	n
3637	n
3640	n
3647	n
3648	n
3653	n
3654	y
3655	y
3662	y
3665	y
3672	n
3674	m
3676	n
3689	n
3697	n
3703	n
3708	n
3716	n
3718	n
3724	n
3725	n
3732	n
3735	n
3740	n
3748	n
3757	n
3760	n
3762	n
3763	n
3764	n
3765	n
3771	n
3772	n
3775	n
3777	n
3798	y
3801	n
3802	n
3808	n
3809	n
3813	n
3823	y
3825	m
3827	y
3828	y
3839	n
3846	y
3847	y
3848	y
3849	y
3850	y
3851	y
3852	y
3853	y
3857	n
3864	n
3868	n
3869	n
3877	n
3880	n
3887	n
3889	n
3890	n
3891	n
3897	n
3900	n
3901	y
3902	n
3910	n
3913	y
3915	n
3920	y
3923	m
3924	n
3931	n
3933	n
3937	n
3940	n
3942	y
3944	n
3949	n
3950	m
3955	n
3957	n
3959	y
3960	y
3961	y
3962	y
3963	y
3964	y
3965	y
3971	n
3982	n
3983	n
3986	n
3994	y
3998	n
4001	n
4003	n
4005	y
4007	n
4010	n
4013	n
4016	n
4021	n
4032	n
4039	n
4051	n
4053	n
4054	n
4056	y
4059	n
4064	n
4066	n
4071	n
4073	n
4080	n
4084	n
4086	n
4088	n
4092	n
4107	n
4109	n
4111	n
4112	y
4113	y
4118	y
4119	n
4120	n
4122	n
4125	n
4126	n
4128	n
4133	n
4135	n
4139	n
4141	n
4142	n
4143	n
4146	n
4148	n
4149	n
4151	y
4155	n
4161	n
4164	n
4169	n
4178	y
4181	n
4186	n
4188	n
4189	n
4195	n
4197	n
4205	n
4206	n
4208	n
4209	y
4210	n
4211	n
4215	n
4217	n
4218	n
4221	n
4227	y
4229	n
4231	n
4235	n
4240	n
4241	n
4258	n
4259	n
4268	n
4270	n
4274	n
4284	y
4287	n
4290	n
4291	n
4292	n
4293	n
4299	n
4300	n
4303	n
4304	n
4307	n
4317	n
4321	n
4341	n
4349	n
4350	n
4353	n
4355	n
4361	n
4365	n
4368	n
4371	n
4372	n
4378	n
4382	n
4388	n
4396	n
4397	y
4398	n
4399	n
4407	n
4411	y
4412	n
4413	y
4414	n
4418	n
4423	n
4428	n
4429	n
4431	m
4432	n
4434	y
4435	n
4436	y
4437	n
4443	n
4446	n
4448	n
4454	n
4468	n
4470	n
4472	n
4473	n
4480	n
4481	n
4484	y
4492	n
4497	n
4498	n
4504	y
4505	y
4507	n
4512	n
4514	n
4527	n
4529	n
4535	n
4536	n
4538	n
4542	n
4545	n
4546	n
4547	n
4550	n
4551	n
4559	n
4560	n
4561	n
4562	n
4563	n
4567	n
4569	n
4572	n
4574	n
4575	n
4580	y
4584	n
4598	y
4599	y
4609	y
4612	y
4625	n
4635	n
4638	m
4639	y
4640	y
4644	y
4647	y
4654	n
4656	y
4659	y
4663	y
4674	n
4676	n
4680	n
4681	n
4684	n
4685	n
4688	n
4694	m
4696	n
4699	n
4700	y
4706	n
4707	n
4710	n
4711	n
4712	n
4713	n
4717	n
4718	y
4719	y
4720	n
4726	y
4728	n
4733	n
4738	n
4739	n
4742	n
4748	n
4750	n
4752	n
4757	n
4760	n
4762	y
4764	n
4765	n
4772	y
4775	n
4777	n
4778	n
4783	n
4791	n
4794	n
4795	n
4807	n
4815	n
4817	n
4821	n
4823	n
4825	n
4828	n
4831	n
4833	n
4834	n
4837	n
4839	n
4843	n
4848	n
4850	n
4851	n
4853	n
4858	n
4864	n
4868	n
4872	n
4873	n
4880	n
4889	n
4895	y
4896	y
4897	y
4902	n
4907	n
4917	n
4921	n
4922	n
4931	y
4932	y
4934	n
4937	n
4939	n
4942	m
4952	y
4956	n
4960	n
4965	n
4972	y
4973	m
4978	y
4981	n
4983	y
4985	y
4988	y
4996	n
4999	n
5004	n
5005	y
5006	y
5007	y
5009	y
5010	y
5011	m
5012	y
5013	y
5014	y
5015	y
5016	y
5017	y
5018	y
5019	n
5024	m
5027	y
5030	m
5031	y
5033	y
5035	y
5036	y
5037	y
5042	y
5043	y
5048	y
5052	n
5059	n
5062	n
5065	n
5071	n
5079	n
5083	n
5086	n
5088	n
5090	n
5091	n
5097	n
5101	n
5104	n
5105	n
5108	n
5111	n
5114	n
5120	n
5124	n
5128	n
5130	n
5132	y
5134	n
5139	y
5144	n
5156	n
5157	n
5165	y
5174	y
5175	y
5176	y
5177	y
5178	y
5179	y
5180	y
5181	y
5182	y
5183	y
5184	y
5191	n
5197	n
5201	n
5206	n
5210	n
5216	n
5220	n
5222	n
5229	n
5230	n
5231	n
5235	y
5236	y
5238	n
5241	n
5248	n
5252	y
5253	y
5254	y
5255	y
5256	y
5257	y
5258	y
5259	y
5260	y
5261	y
5262	y
5263	y
5264	y
5265	y
5266	y
5267	y
5268	y
5269	y
5270	y
5271	y
5272	y
5273	y
5274	y
5275	y
5276	y
5277	y
5278	y
5279	y
5280	y
5281	y
5282	y
5283	y
5284	y
5285	y
5286	y
5287	y
5288	y
5289	y
5290	y
5291	y
5292	y
5293	y
5294	y
5295	y
5296	y
5297	y
5298	y
5299	y
5300	y
5301	y
5302	y
5303	y
5304	y
5305	y
5306	y
5307	y
5308	y
5309	y
5310	y
5311	y
5312	y
5313	y
5314	y
5315	y
5316	y
5317	y
5318	y
5319	y
5320	y
5321	y
5322	y
5323	y
5324	y
5325	y
5326	y
5327	y
5328	y
5329	y
5330	y
5331	y
5332	y
5333	y
5334	y
5335	y
5336	y
5337	y
5338	y
5339	y
5340	y
5341	y
5342	y
5343	y
5344	y
5345	y
5346	y
5347	y
5348	y
5350	n
5356	n
5360	n
5361	n
5364	n
5367	n
5370	n
5371	n
5384	n
5386	m
5388	n
5392	n
5399	n
5405	n
5406	y
5414	y
5419	n
5422	n
5423	n
5434	n
5435	n
5442	n
5443	n
5457	n
5458	n
5460	n
5464	n
5469	n
5470	y
5474	y
5475	y
5479	y
5483	n
5484	y
5487	n
5490	m
5491	m
5493	y
5494	y
5495	y
5500	n
5501	n
5502	n
5506	m
5507	n
5509	n
5511	n
5513	n
5515	n
5517	n
5521	y
5522	m
5523	m
5524	n
5535	n
5536	n
5540	n
5542	n
5543	n
5551	n
5552	n
5557	n
5561	n
5568	n
5570	n
5572	n
5575	n
5579	n
5582	n
5584	n
5587	n
5591	y
5592	n
5599	y
5601	y
5604	y
5607	n
5608	n
5618	n
5625	n
5629	n
5636	y
5643	n
5646	n
5651	y
5656	n
5657	y
5659	n
5661	n
5670	n
5672	n
5674	y
5681	n
5690	n
5692	n
5703	n
5706	m
5709	m
5713	y
5714	y
5715	y
5716	y
5717	y
5718	y
5719	y
5720	y
5722	n
5723	n
5724	y
5725	n
5731	n
5732	n
5737	n
5739	n
5740	m
5741	n
5745	n
5747	n
5751	m
5752	y
5758	y
5761	y
5762	y
5767	n
5776	n
5778	n
5783	n
5786	n
5789	n
5791	n
5792	n
5800	n
5801	y
5805	y
5812	n
5816	n
5820	n
5823	n
5832	n
5839	n
5841	n
5858	n
5866	n
5875	n
5876	n
5879	n
5880	n
5885	y
5889	y
5891	n
5899	y
5901	m
5902	m
5903	y
5904	y
5905	y
5906	y
5907	y
5908	y
5909	y
5910	y
5911	y
5912	n
5914	y
5921	n
5926	n
5927	n
5928	n
5929	n
5930	n
5932	n
5940	n
5941	n
5942	n
5946	n
5948	n
5949	n
5950	n
5952	n
5954	n
5964	n
5969	y
5970	n
5973	n
5979	n
5980	n
5982	n
5984	n
5986	n
5987	n
5988	n
5990	n
5991	n
5993	n
5997	n
6002	n
6007	n
6009	n
6010	n
6014	n
6017	n
6020	n
6021	n
6025	y
6036	n
6040	n
6043	y
6049	n
6050	n
6055	n
6057	n
6063	n
6067	n
6070	n
6072	n
6073	n
6084	n
6085	n
6087	y
6088	n
6089	m
6091	y
6095	n
6097	n
6098	n
6099	n
6108	y
6111	y
6112	y
6113	y
6115	n
6128	n
6131	n
6135	n
6137	n
6140	n
6145	n
6147	n
6149	n
6150	n
6152	n
6154	n
6162	n
6171	n
6173	y
6186	y
6188	y
6190	y
6192	y
6196	y
6197	n
6204	n
6205	n
6206	y
6211	n
6214	n
6215	n
6220	n
6222	n
6223	n
6235	n
6239	y
6241	n
6248	n
6249	n
6255	m
6256	n
6257	n
6261	n
6264	y
6266	n
6268	n
6269	n
6274	n
6275	n
6278	n
6288	n
6289	n
6290	n
6295	m
6318	n
6322	n
6335	n
6340	n
6342	n
6350	n
6352	n
6366	n
6367	n
6376	y
6378	y
6379	n
6387	y
6393	n
6400	n
6401	n
6403	n
6406	n
6410	n
6411	n
6412	y
6418	y
6424	y
6430	n
6444	y
6451	n
6455	n
6456	n
6460	n
6469	n
6470	n
6482	n
6485	y
6487	y
6488	y
6489	y
6490	y
6491	y
6492	y
6493	y
6494	y
6498	y
6499	n
6506	y
6508	y
6512	m
6513	n
6516	n
6521	m
6524	n
6534	n
6535	y
6545	n
6547	n
6549	y
6563	n
6565	n
6570	n
6571	n
6572	n
6574	n
6582	n
6583	n
6585	n
6586	n
6588	n
6590	n
6591	n
6592	m
6596	n
6598	n
6599	n
6606	n
6608	y
6616	n
6618	n
6619	y
6625	y
6626	n
6628	y
6631	n
6643	n
6645	n
6648	n
6654	y
6659	n
6660	m
6673	m
6676	n
6677	n
6679	n
6680	m
6685	n
6687	n
6690	n
6704	y
6705	y
6706	y
6707	y
6708	y
6709	m
6710	y
6711	y
6712	y
6713	y
6714	y
6715	y
6716	y
6717	y
6718	y
6719	y
6720	y
6721	y
6722	y
6723	y
6724	y
6725	y
6726	y
6730	n
6735	n
6736	n
6737	m
6740	n
6742	n
6747	n
6748	n
6749	n
6753	n
6755	n
6762	n
6772	y
6776	n
6777	n
6778	n
6779	n
6781	n
6783	n
6788	n
6789	n
6790	n
6802	n
6803	n
6804	n
6808	n
6811	n
6816	n
6824	n
6829	y
6835	n
6839	n
6842	y
6847	m
6848	n
6851	y
6861	n
6869	n
6874	n
6879	n
6883	n
6884	n
6886	n
6891	n
6893	n
6905	n
6908	n
6909	n
6913	n
6916	n
6923	n
6927	n
6932	n
6933	n
6938	n
6940	n
6944	n
6949	n
6950	n
6951	n
6952	n
6956	n
6960	n
6969	n
6973	m
6974	n
6977	n
6978	m
6984	n
7002	n
7011	n
7012	n
7013	n
7014	n
7017	n
7018	n
7022	n
7023	n
7032	n
7035	y
7039	y
7042	y
7043	n
7044	n
7053	n
7065	n
7066	n
7067	n
7069	n
7073	n
7074	n
7084	n
7086	n
7101	n
7102	n
7104	n
7105	n
7106	n
7107	n
7109	n
7119	n
7121	n
7122	n
7123	n
7124	n
7126	n
7129	n
7130	n
7131	n
7137	n
7138	n
7140	n
7148	n
7150	n
7154	y
7155	n
7160	n
7163	n
7167	m
7181	y
7184	n
7192	y
7195	y
7198	y
7199	y
7200	m
7201	y
7202	y
7203	y
7204	y
7205	y
7206	y
7207	y
7208	y
7209	y
7210	y
7211	y
7212	y
7213	y
7214	y
7215	y
7216	y
7217	n
7218	n
7222	n
7228	n
7231	n
7233	n
7239	n
7240	n
7244	n
7245	n
7253	n
7254	n
7255	n
7260	n
7270	y
7275	n
7276	n
7282	n
7286	n
7287	n
7293	n
7296	n
7306	n
7319	n
7328	n
7331	y
7332	y
7338	n
7339	n
7342	n
7343	n
7351	n
7352	n
7357	n
7361	n
7366	n
7367	n
7376	n
7378	n
7379	n
7386	n
7393	n
7396	n
7399	n
7403	n
7405	n
7406	n
7408	n
7416	n
7420	n
7425	n
7432	n
7433	n
7438	n
7439	n
7442	n
7449	n
7453	n
7459	y
7461	y
7463	n
7466	y
7467	y
7468	y
7469	y
7470	m
7471	y
7472	y
7473	y
7474	y
7475	y
7476	y
7477	y
7478	y
7479	y
7480	y
7481	y
7482	y
7483	y
7484	y
7485	y
7486	y
7490	n
7493	y
7494	y
7495	y
7496	y
7497	m
7498	y
7499	y
7500	n
7501	m
7503	y
7507	y
7508	y
7509	y
7510	y
7512	y
7513	n
7517	n
7520	n
7521	n
7525	y
7530	y
7533	y
7536	y
7538	y
7539	y
7540	y
7546	n
7551	m
7558	n
7563	n
7565	m
7566	n
7571	n
7573	y
7574	n
7576	n
7580	n
7583	n
7587	n
7589	n
7590	n
7592	n
7597	y
7598	y
7599	y
7600	y
7601	y
7602	y
7603	y
7604	y
7605	y
7606	y
7607	y
7608	y
7609	y
7610	y
7611	y
7612	y
7613	y
7614	y
7615	y
7616	y
7617	y
7618	y
7619	y
7620	y
7621	y
7622	y
7623	y
7624	y
7625	y
7626	y
7627	y
7630	y
7634	y
7639	y
7640	y
7641	y
7642	y
7643	y
7644	y
7645	y
7646	y
7647	y
7648	y
7649	y
7650	y
7651	y
7652	y
7653	y
7654	y
7655	y
7656	y
7657	y
7658	y
7659	y
7660	y
7661	y
7662	y
7663	y
7664	y
7665	y
7671	n
7676	y
7684	n
7685	n
7686	n
7691	n
7694	n
7697	n
7698	n
7700	n
7701	n
7709	n
7710	n
7711	n
7715	n
7716	n
7721	n
7724	n
7725	n
7727	n
7734	n
7737	n
7739	n
7750	n
7758	n
7767	m
7774	n
7780	n
7786	n
7788	n
7794	n
7795	n
7798	n
7799	n
7800	n
7802	n
7805	n
7811	n
7812	n
7815	n
7827	n
7832	n
7833	n
7835	n
7836	m
7837	n
7840	n
7845	n
7846	n
7848	n
7849	n
7850	n
7851	n
7857	n
7862	n
7879	n
7881	n
7883	n
7885	y
7886	n
7890	n
7899	n
7902	n
7910	n
7911	n
7916	n
7921	n
7922	n
7927	n
7934	n
7937	n
7942	n
7943	n
7950	n
7952	y
7953	y
7954	y
7957	m
7960	n
7962	n
7963	n
7973	n
7990	y
7993	y
7996	n
8000	n
8004	n
8009	n
8016	n
8018	n
8027	n
8028	n
8035	n
8046	n
8047	n
8048	n
8050	n
8052	m
8054	n
8055	n
8057	n
8058	n
8059	m
8060	n
8061	n
8067	n
8070	n
8072	n
8075	n
8078	n
8083	n
8085	n
8091	n
8092	n
8094	n
8100	n
8102	n
8105	n
8107	n
8108	n
8110	n
8111	n
8113	n
8116	n
8119	n
8123	n
8127	n
8128	n
8129	n
8130	n
8133	n
8140	n
8143	n
8146	n
8148	n
8152	n
8153	n
8157	n
8159	n
8160	n
8166	n
8168	n
8169	n
8174	n
8176	n
8190	n
8196	n
8201	n
8204	n
8205	n
8208	n
8209	y
8210	n
8217	n
8220	n
8222	n
8243	n
8244	y
8247	y
8250	n
8255	y
8258	y
8262	y
8264	y
8265	y
8266	n
8273	n
8277	n
8284	m
8285	y
8290	n
8291	n
8304	n
8306	n
8312	n
8316	y
8317	y
8318	y
8319	y
8320	y
8321	y
8326	n
8328	n
8329	n
8331	n
8341	n
8342	n
8347	n
8352	n
8357	n
8360	n
8368	y
8369	n
8374	n
8375	n
8383	n
8385	n
8386	n
8392	n
8394	n
8395	n
8403	n
8405	n
8409	y
8410	n
8412	n
8417	y
8420	y
8423	y
8428	y
8437	n
8453	n
8462	n
8470	y
8475	y
8492	m
8494	m
8502	y
8503	y
8504	m
8505	y
8506	y
8507	n
8508	y
8510	y
8511	n
8513	n
8514	y
8515	m
8520	y
8521	y
8524	y
8525	y
8540	n
8544	n
8546	m
8548	y
8551	n
8557	n
8562	n
8567	y
8570	n
8571	n
8574	n
8578	n
8580	n
8587	y
8598	n
8599	n
8601	n
8605	n
8608	n
8609	y
8610	y
8613	y
8614	m
8619	y
8620	y
8622	n
8632	n
8635	n
8636	n
8637	n
8640	n
8641	m
8643	n
8645	n
8646	n
8652	n
8656	y
8658	n
8663	n
8665	n
8670	n
8671	n
8673	n
8675	n
8677	y
8678	y
8679	y
8680	y
8681	y
8682	y
8683	y
8684	y
8685	y
8686	y
8687	y
8688	y
8689	y
8690	y
8691	y
8692	y
8693	y
8694	y
8695	y
8696	y
8697	y
8698	y
8699	y
8700	y
8701	y
8702	y
8703	y
8704	y
8705	y
8706	y
8707	y
8708	n
8712	n
8714	n
8723	n
8724	n
8726	m
8728	y
8731	n
8738	n
8747	n
8752	y
8754	y
8757	y
8758	y
8761	y
8763	y
8769	y
8770	y
8777	y
8780	y
8791	n
8798	n
8799	n
8801	n
8802	n
8810	n
8813	m
8815	n
8817	n
8821	n
8822	n
8824	n
8828	y
8835	n
8839	n
8843	n
8847	n
8848	n
8849	n
8852	n
8858	n
8863	n
8882	y
8888	n
8890	n
8893	n
8895	n
8898	n
8900	n
8902	n
8907	n
8922	n
8929	n
8933	n
8936	n
8937	n
8940	n
8944	n
8951	n
8960	n
8965	n
8966	n
8967	n
8970	n
8973	n
8976	n
8982	n
8983	n
8984	n
8985	n
8988	n
8992	n
9000	n
9006	n
9009	n
9012	n
9014	n
9015	n
9017	n
9020	n
9023	n
9029	n
9033	n
9035	n
9040	n
9042	n
9046	n
9051	y
9052	y
9053	y
9054	y
9055	y
9056	y
9057	y
9058	y
9067	n
9069	n
9076	y
9078	n
9079	n
9082	n
9086	n
9087	n
9089	n
9094	n
9095	n
9096	n
9101	n
9103	n
9105	n
9108	y
9109	y
9110	n
9112	n
9118	n
9119	n
9123	n
9124	n
9126	n
9127	n
9128	n
9134	y
9136	y
9152	y
9153	y
9154	y
9155	y
9156	y
9157	y
9158	y
9159	y
9160	y
9161	y
9162	y
9163	y
9164	y
9165	y
9166	y
9167	y
9168	y
9169	y
9170	y
9171	y
9172	n
9179	y
9180	y
9181	y
9182	y
9188	y
9193	y
9194	y
9196	y
9198	y
9200	y
9207	y
9208	y
9214	y
9225	m
9227	n
9231	n
9236	m
9237	y
9238	y
9240	n
9243	n
9244	y
9253	y
9260	y
9261	m
9262	n
9266	y
9267	y
9271	y
9276	y
9279	y
9280	y
9281	n
9283	y
9284	y
9285	m
9292	y
9295	y
9317	n
9320	y
9326	y
9330	y
9331	y
9338	y
9340	y
9341	y
9344	y
9358	n
9359	n
9362	n
9363	n
9369	n
9370	n
9376	n
9381	n
9389	n
9396	y
9397	n
9411	n
9418	n
9419	n
9427	n
9433	n
9435	n
9438	y
9439	y
9443	m
9448	m
9452	n
9454	n
9455	n
9457	n
9458	n
9464	n
9467	n
9471	n
9472	n
9481	n
9490	n
9491	n
9492	n
9496	n
9497	n
9500	n
9510	n
9511	n
9513	n
9515	m
9517	y
9518	n
9520	n
9522	n
9525	n
9527	n
9535	n
9536	n
9538	n
9540	n
9542	n
9543	n
9549	n
9552	n
9556	n
9563	n
9565	n
9572	n
9580	n
9584	n
9586	n
9589	n
9590	y
9601	y
9606	y
9608	m
9610	y
9612	y
9614	y
9615	y
9617	y
9621	y
9622	y
9623	y
9624	y
9625	y
9626	y
9627	y
9628	y
9629	y
9630	y
9631	y
9632	y
9633	y
9634	y
9635	y
9636	y
9637	y
9638	y
9639	y
9640	y
9641	y
9642	y
9643	y
9644	y
9645	y
9646	y
9647	y
9648	y
9649	y
9650	y
9651	y
9652	y
9653	y
9654	y
9655	y
9656	y
9657	y
9658	y
9659	y
9660	y
9661	y
9662	y
9663	y
9664	y
9665	n
9666	y
9667	y
9668	y
9669	y
9670	y
9671	y
9672	y
9673	y
9674	y
9675	y
9676	y
9677	y
9678	y
9679	y
9680	y
9681	y
9682	y
9683	y
9684	y
9685	y
9686	y
9687	y
9688	y
9689	y
9690	y
9691	y
9692	y
9693	y
9694	m
9695	m
9696	y
9697	y
9698	y
9699	y
9700	y
9701	y
9702	y
9703	y
9704	y
9705	y
9706	y
9707	y
9708	y
9709	y
9710	y
9711	y
9712	y
9713	y
9714	y
9715	y
9716	y
9717	y
9718	y
9719	y
9720	y
9721	y
9722	y
9723	y
9724	y
9725	y
9733	n
9742	n
9744	n
9749	n
9750	n
9758	n
9764	y
9769	n
9770	n
9774	n
9780	n
9782	n
9786	n
9789	n
9791	n
9792	n
9793	n
9795	y
9798	n
9805	n
9808	n
9810	n
9812	n
9813	n
9815	n
9817	n
9823	n
9826	n
9828	n
9831	n
9833	n
9834	n
9840	n
9847	n
9851	n
9853	m
9854	n
9855	n
9856	n
